{
	"format_version": "1.12.0",
	"minecraft:geometry": [
		{
			"description": {
				"identifier": "geometry.hallway_lamp_vfx",
				"texture_width": 64,
				"texture_height": 64,
				"visible_bounds_width": 5,
				"visible_bounds_height": 5,
				"visible_bounds_offset": [0, -0.5, 0]
			},
			"bones": [
				{
					"name": "bb_main2",
					"pivot": [0, 0, 0],
					"cubes": [
						{
							"origin": [6.2, 11.8, 6.2],
							"size": [-12.5, 2.5, -12.5],
							"uv": {
								"north": {"uv": [64, 0], "uv_size": [-5, 6]},
								"east": {"uv": [64, 0], "uv_size": [-5, 6]},
								"south": {"uv": [64, 0], "uv_size": [-5, 6]},
								"west": {"uv": [64, 0], "uv_size": [-5, 6]},
								"up": {"uv": [54, 5], "uv_size": [5, -5]},
								"down": {"uv": [54, 5], "uv_size": [5, -5]}
							}
						}
					]
				},
				{
					"name": "bone",
					"pivot": [0, 9, 0],
					"cubes": [
						{
							"origin": [-9.5, 8, -3],
							"size": [19, 7, 0],
							"uv": {
								"north": {"uv": [0, 55.91111], "uv_size": [22.05926, -7]},
								"east": {"uv": [0.94815, 5.02222], "uv_size": [0.22222, 0.27778]},
								"south": {"uv": [1.17037, 5.02222], "uv_size": [0.22222, 0.27778]},
								"west": {"uv": [0.05926, 5.24444], "uv_size": [0.22222, 0.27778]},
								"up": {"uv": [1.39259, 4.91111], "uv_size": [0.22222, 0.22222]},
								"down": {"uv": [1.39259, 5.35556], "uv_size": [0.22222, -0.22222]}
							}
						},
						{
							"origin": [-25.5, -31, -2],
							"size": [49, 46, 0],
							"uv": {
								"north": {"uv": [15.1014, 10.12949], "uv_size": [36.8986, 31.7926]},
								"east": {"uv": [0.11545, 0.12949], "uv_size": [0.01405, 0.01756]},
								"south": {"uv": [0.12949, 0.12949], "uv_size": [0.01405, 0.01756]},
								"west": {"uv": [0.05926, 0.14354], "uv_size": [0.01405, 0.01756]},
								"up": {"uv": [0.14354, 0.12247], "uv_size": [0.01405, 0.01405]},
								"down": {"uv": [0.14354, 0.15056], "uv_size": [0.01405, -0.01405]}
							}
						}
					]
				}
			]
		}
	]
}