{
	"format_version": "1.8.0",
	"animations": {
		"animation.freddy_idle_no_mic_blood": {
			"loop": true,
			"animation_length": 14.0417,
			"bones": {
				"upperpart": {
					"rotation": {
						"0.0": [0, 0, 0],
						"0.375": [0, 0, 0],
						"0.7917": [0, -12.5, 0],
						"0.875": [0, -9.5, 0],
						"0.9583": [0, -12.5, 0],
						"3.5": [0, -12.5, 0],
						"3.75": [0, 17.5, 0],
						"3.7917": [0, 15.5, 0],
						"3.8333": [0, 17.5, 0],
						"5.2083": [0, 17.5, 0],
						"5.5417": [0, 0, 0],
						"5.625": [0, 2, 0],
						"5.7083": [0, 0, 0]
					}
				},
				"feddyHed": {
					"rotation": {
						"0.0": [0, 0, 0],
						"0.2083": [0, 0, 0],
						"0.5833": [0, -15, 0],
						"0.6667": [0, -12.25, 0],
						"0.75": [0, -15, 0],
						"1.25": [0, -15, 0],
						"1.4583": [0, -19, 0],
						"3.2917": [0, -19, 0],
						"3.875": [0, 36, 0],
						"3.9167": [0, 33.75, 0],
						"3.9583": [0, 36, 0],
						"5.0": [0, 36, 0],
						"5.4167": [0, 0, 0],
						"5.5": [0, 2, 0],
						"5.5833": [0, 0, 0],
						"9.0": [0, 0, 0],
						"9.25": [10, 0, 0],
						"9.3333": [9, 0, 0],
						"9.4167": [10, 0, 0],
						"11.25": [10, 0, 0],
						"11.4583": [10.08453, 7.38542, 1.30962],
						"11.5": [10.05857, 6.15468, 1.0895],
						"11.5833": [10.08453, 7.38542, 1.30962],
						"12.9167": [10.08, 7.39, 1.31],
						"13.2917": [0, 0, 0],
						"13.375": [1.12, 0.82, 0.15],
						"13.4583": [0, 0, 0]
					}
				},
				"bone4": {
					"scale": 1
				},
				"bone6": {
					"scale": 0
				},
				"bone7": {
					"scale": 0
				},
				"bone3": {
					"scale": 1
				},
				"bone5": {
					"scale": 1
				},
				"bone14": {
					"scale": 0
				},
				"armL": {
					"rotation": [0, 0, -67.5]
				},
				"lower": {
					"rotation": [-24.41778, -4.91742, -10.00173]
				},
				"Gift": {
					"scale": 0
				},
				"fingers": {
					"rotation": [0, 0, -42.5]
				},
				"thumb": {
					"rotation": [0, -60, 0]
				},
				"armR": {
					"rotation": [0, 10, 60]
				},
				"lower2": {
					"rotation": [-29.15403, 4.49191, 15.0748]
				},
				"masktop2": {
					"scale": 0
				},
				"legL": {
					"rotation": [0, 7.5, 0]
				},
				"foot": {
					"rotation": [0, 5, 0]
				},
				"legR": {
					"rotation": [0, -7.5, 0]
				},
				"foot2": {
					"rotation": [0, -5, 0]
				},
				"head": {
					"rotation": {
						"1.5833": [0, 0, 0],
						"1.7917": [0, 0, 5],
						"1.8333": [0, 0, 3.75],
						"1.875": [0, 0, 5],
						"2.7917": [0, 0, 5],
						"2.9583": [0, 0, 0],
						"3.0": [0, 0, 1],
						"3.0417": [0, 0, 0],
						"12.0": [0, 0, 0],
						"12.125": [0, 0, 5],
						"12.1667": [0, 0, 4],
						"12.2083": [0, 0, 5],
						"12.9583": [0, 0, 5],
						"13.2917": [0, 0, 0]
					}
				},
				"jaw": {
					"rotation": {
						"1.875": [0, 0, 0],
						"1.9167": [0.59899, 0, 0],
						"1.9583": [2.38436, 0, 0],
						"2.0417": [7.61564, 0, 0],
						"2.0833": [9.40101, 0, 0],
						"2.125": [10, 0, 0],
						"2.5833": [10, 0, 0],
						"2.75": [0, 0, 0],
						"6.25": [0, 0, 0],
						"6.5417": [12.5, 0, 0],
						"6.625": [10.5, 0, 0],
						"6.7083": [12.5, 0, 0],
						"8.2917": [12.5, 0, 0],
						"8.5": [0, 0, 0],
						"8.5417": [0.5, 0, 0],
						"8.5833": [0, 0, 0]
					}
				},
				"earR2": {
					"rotation": {
						"7.5833": {
							"pre": [0, 0, 0],
							"post": [0, 0, 0],
							"lerp_mode": "catmullrom"
						},
						"7.7083": {
							"post": [0, 0, -9],
							"lerp_mode": "catmullrom"
						},
						"7.8333": {
							"post": [0, 0, 7],
							"lerp_mode": "catmullrom"
						},
						"8.0": {
							"post": [0, 0, 0],
							"lerp_mode": "catmullrom"
						},
						"8.1667": {
							"post": [0, 0, 0],
							"lerp_mode": "catmullrom"
						}
					}
				},
				"earL": {
					"rotation": {
						"2.1667": {
							"pre": [0, 0, 0],
							"post": [0, 0, 0],
							"lerp_mode": "catmullrom"
						},
						"2.2917": {
							"post": [0, 0, 9],
							"lerp_mode": "catmullrom"
						},
						"2.4167": {
							"post": [0, 0, -7],
							"lerp_mode": "catmullrom"
						},
						"2.5833": {
							"post": [0, 0, 0],
							"lerp_mode": "catmullrom"
						},
						"2.75": {
							"post": [0, 0, 0],
							"lerp_mode": "catmullrom"
						},
						"7.5833": {
							"post": [0, 0, 0],
							"lerp_mode": "catmullrom"
						},
						"7.7083": {
							"post": [0, 0, 9],
							"lerp_mode": "catmullrom"
						},
						"7.8333": {
							"post": [0, 0, -7],
							"lerp_mode": "catmullrom"
						},
						"8.0": {
							"post": [0, 0, 0],
							"lerp_mode": "catmullrom"
						},
						"8.1667": {
							"post": [0, 0, 0],
							"lerp_mode": "catmullrom"
						}
					}
				},
				"pupil": {
					"position": {
						"0.0": [0, 0, 0],
						"0.25": [0, 0, 0],
						"0.5417": [0.3, 0, 0],
						"1.2083": [0.3, 0, 0],
						"1.25": [0.4, 0, 0],
						"3.4167": [0.4, 0, 0],
						"3.7917": [-0.3, 0, 0],
						"5.0417": [-0.3, 0, 0],
						"5.125": [-0.2, 0, 0],
						"5.25": [-0.2, 0, 0],
						"5.5": [0, 0, 0],
						"9.125": [0, 0, 0],
						"9.2917": [0, -0.4, 0],
						"9.9583": [0, -0.4, 0],
						"10.0417": [0.1, -0.4, 0],
						"11.125": [0.1, -0.4, 0],
						"11.4583": [-0.3, -0.4, 0],
						"12.9583": [-0.3, -0.4, 0],
						"13.2917": [0, 0, 0]
					}
				},
				"eyelid": {
					"position": {
						"0.25": [0, 0, 0],
						"0.375": [0, 0.2, 0],
						"4.0417": [0, 0.2, 0],
						"4.2917": [0, -1.4, 0],
						"4.5417": [0, -1.4, 0],
						"4.8333": [0, 0.2, 0],
						"5.3333": [0, 0.2, 0],
						"5.5": [0, 0, 0],
						"6.875": [0, 0, 0],
						"7.0833": [0, -1.4, 0],
						"7.2083": [0, -1.4, 0],
						"7.4167": [0, 0, 0],
						"10.4167": [0, 0, 0],
						"10.625": [0, -1.4, 0],
						"10.75": [0, -1.4, 0],
						"10.9583": [0, 0, 0]
					},
					"scale": {
						"4.0417": [1, 1, 1],
						"4.2917": [1, 1.51, 1],
						"4.5417": [1, 1.51, 1],
						"4.8333": [1, 1, 1],
						"6.875": [1, 1, 1],
						"7.0833": [1, 1.51, 1],
						"7.2083": [1, 1.51, 1],
						"7.4167": [1, 1, 1],
						"10.4167": [1, 1, 1],
						"10.625": [1, 1.51, 1],
						"10.75": [1, 1.51, 1],
						"10.9583": [1, 1, 1]
					}
				},
				"pupil2": {
					"position": {
						"0.0": [0, 0, 0],
						"0.25": [0, 0, 0],
						"0.5417": [0.4, 0, 0],
						"1.2083": [0.3, 0, 0],
						"1.25": [0.4, 0, 0],
						"3.4167": [0.4, 0, 0],
						"3.7917": [-0.3, 0, 0],
						"5.0417": [-0.3, 0, 0],
						"5.125": [-0.2, 0, 0],
						"5.25": [0, 0, 0],
						"5.5": [0, 0, 0],
						"9.125": [0, 0, 0],
						"9.2917": [0, -0.4, 0],
						"9.9583": [0, -0.4, 0],
						"10.0417": [0.1, -0.4, 0],
						"11.125": [0.1, -0.4, 0],
						"11.4583": [-0.4, -0.4, 0],
						"12.9583": [-0.4, -0.4, 0],
						"13.2917": [0, 0, 0]
					}
				},
				"eyelid2": {
					"position": {
						"0.25": [0, 0, 0],
						"0.375": [0, 0.2, 0],
						"4.0417": [0, 0.2, 0],
						"4.2917": [0, -1.4, 0],
						"4.5417": [0, -1.4, 0],
						"4.8333": [0, 0.2, 0],
						"5.3333": [0, 0.2, 0],
						"5.5": [0, 0, 0],
						"6.875": [0, 0, 0],
						"7.0833": [0, -1.4, 0],
						"7.2083": [0, -1.4, 0],
						"7.4167": [0, 0, 0],
						"10.4167": [0, 0, 0],
						"10.625": [0, -1.4, 0],
						"10.75": [0, -1.4, 0],
						"10.9583": [0, 0, 0]
					},
					"scale": {
						"4.0417": [1, 1, 1],
						"4.2917": [1, 1.51, 1],
						"4.5417": [1, 1.51, 1],
						"4.8333": [1, 1, 1],
						"6.875": [1, 1, 1],
						"7.0833": [1, 1.51, 1],
						"7.2083": [1, 1.51, 1],
						"7.4167": [1, 1, 1],
						"10.4167": [1, 1, 1],
						"10.625": [1, 1.51, 1],
						"10.75": [1, 1.51, 1],
						"10.9583": [1, 1, 1]
					}
				},
				"Bowtie": {
					"rotation": {
						"6.7917": {
							"pre": [0, 0, 0],
							"post": [0, 0, 0],
							"lerp_mode": "catmullrom"
						},
						"6.9167": {
							"post": [0, 0, -5],
							"lerp_mode": "catmullrom"
						},
						"7.0417": {
							"post": [0, 0, 5],
							"lerp_mode": "catmullrom"
						},
						"7.1667": {
							"post": [0, 0, -7.5],
							"lerp_mode": "catmullrom"
						},