{
	"format_version": "1.12.0",
	"minecraft:geometry": [
		{
			"description": {
				"identifier": "geometry.shelf_supply_closet_top",
				"texture_width": 96,
				"texture_height": 96,
				"visible_bounds_width": 4,
				"visible_bounds_height": 2.5,
				"visible_bounds_offset": [0, 0.75, 0]
			},
			"bones": [
				{
					"name": "top_side",
					"pivot": [-1, 10.2449, 2.14286],
					"cubes": [
						{
							"origin": [-14.501, 0, 5.5],
							"size": [2, 18, 2],
							"inflate": -0.001,
							"uv": {
								"north": {"uv": [1.99998, 58.00002], "uv_size": [2.00004, 18]},
								"east": {"uv": [0, 58.00002], "uv_size": [1.99998, 18]},
								"south": {"uv": [6, 58.00002], "uv_size": [1.99998, 18]},
								"west": {"uv": [4.00002, 58.00002], "uv_size": [1.99998, 18]},
								"up": {"uv": [1.99998, 55.99998], "uv_size": [2.00004, 2.00004]},
								"down": {"uv": [4.00002, 58.00002], "uv_size": [1.99998, -2.00004]}
							}
						},
						{
							"origin": [-15, 15, -4],
							"size": [30, 2, 12],
							"uv": {
								"north": {"uv": [12, 12], "uv_size": [30, 1.99998]},
								"east": {"uv": [0, 12], "uv_size": [12, 1.99998]},
								"south": {"uv": [54, 12], "uv_size": [30, 1.99998]},
								"west": {"uv": [42, 12], "uv_size": [12, 1.99998]},
								"up": {"uv": [12, 0], "uv_size": [30, 12]},
								"down": {"uv": [42, 12], "uv_size": [30, -12]}
							}
						},
						{
							"origin": [12.501, 0, 5.5],
							"size": [2, 18, 2],
							"inflate": -0.001,
							"uv": {
								"north": {"uv": [10.00002, 58.00002], "uv_size": [1.99998, 18]},
								"east": {"uv": [7.99998, 58.00002], "uv_size": [2.00004, 18]},
								"south": {"uv": [13.99998, 58.00002], "uv_size": [2.00004, 18]},
								"west": {"uv": [12, 58.00002], "uv_size": [1.99998, 18]},
								"up": {"uv": [10.00002, 55.99998], "uv_size": [1.99998, 2.00004]},
								"down": {"uv": [12, 58.00002], "uv_size": [1.99998, -2.00004]}
							}
						},
						{
							"origin": [-14.501, 0, -3.5],
							"size": [2, 18, 2],
							"inflate": -0.001,
							"uv": {
								"north": {"uv": [18, 58.00002], "uv_size": [1.99998, 18]},
								"east": {"uv": [16.00002, 58.00002], "uv_size": [1.99998, 18]},
								"south": {"uv": [22.00002, 58.00002], "uv_size": [1.99998, 18]},
								"west": {"uv": [19.99998, 58.00002], "uv_size": [2.00004, 18]},
								"up": {"uv": [18, 55.99998], "uv_size": [1.99998, 2.00004]},
								"down": {"uv": [19.99998, 58.00002], "uv_size": [2.00004, -2.00004]}
							}
						},
						{
							"origin": [-15, 5, -4],
							"size": [30, 2, 12],
							"uv": {
								"north": {"uv": [12, 25.99998], "uv_size": [30, 2.00004]},
								"east": {"uv": [0, 25.99998], "uv_size": [12, 2.00004]},
								"south": {"uv": [54, 25.99998], "uv_size": [30, 2.00004]},
								"west": {"uv": [42, 25.99998], "uv_size": [12, 2.00004]},
								"up": {"uv": [12, 13.99998], "uv_size": [30, 12]},
								"down": {"uv": [42, 25.99998], "uv_size": [30, -12]}
							}
						},
						{
							"origin": [12.501, 0, -3.5],
							"size": [2, 18, 2],
							"inflate": -0.001,
							"uv": {
								"north": {"uv": [25.99998, 58.00002], "uv_size": [2.00004, 18]},
								"east": {"uv": [24, 58.00002], "uv_size": [1.99998, 18]},
								"south": {"uv": [30, 58.00002], "uv_size": [1.99998, 18]},
								"west": {"uv": [28.00002, 58.00002], "uv_size": [1.99998, 18]},
								"up": {"uv": [25.99998, 55.99998], "uv_size": [2.00004, 2.00004]},
								"down": {"uv": [28.00002, 58.00002], "uv_size": [1.99998, -2.00004]}
							}
						}
					]
				},
				{
					"name": "bottles_up",
					"parent": "top_side",
					"pivot": [7, 0, 0],
					"cubes": [
						{
							"origin": [7.5, 7, 0.5],
							"size": [5, 6, 4],
							"uv": {
								"north": {"uv": [36, 60], "uv_size": [4.99998, 6]},
								"east": {"uv": [31.99998, 60], "uv_size": [4.00002, 6]},
								"south": {"uv": [45, 60], "uv_size": [4.99998, 6]},
								"west": {"uv": [40.99998, 60], "uv_size": [4.00002, 6]},
								"up": {"uv": [36, 55.99998], "uv_size": [4.99998, 4.00002]},
								"down": {"uv": [40.99998, 60], "uv_size": [5.00004, -4.00002]}
							}
						},
						{
							"origin": [8.5, 13, 1],
							"size": [3, 1, 3],
							"uv": {
								"north": {"uv": [87, 16.99998], "uv_size": [3, 1.00002]},
								"east": {"uv": [84, 16.99998], "uv_size": [3, 1.00002]},
								"south": {"uv": [93, 16.99998], "uv_size": [3, 1.00002]},
								"west": {"uv": [90, 16.99998], "uv_size": [3, 1.00002]},
								"up": {"uv": [87, 13.99998], "uv_size": [3, 3]},
								"down": {"uv": [90, 16.99998], "uv_size": [3, -3]}
							}
						},
						{
							"origin": [1, 7, 1.5],
							"size": [3, 5, 2],
							"uv": {
								"north": {"uv": [85.99998, 9], "uv_size": [3, 4.99998]},
								"east": {"uv": [84, 9], "uv_size": [1.99998, 4.99998]},
								"south": {"uv": [91.00002, 9], "uv_size": [3, 4.99998]},
								"west": {"uv": [88.99998, 9], "uv_size": [2.00004, 4.99998]},
								"up": {"uv": [85.99998, 7.00002], "uv_size": [3, 1.99998]},
								"down": {"uv": [88.99998, 9], "uv_size": [3, -1.99998]}
							}
						},
						{
							"origin": [1.5, 12, 2],
							"size": [2, 3, 1],
							"uv": {
								"north": {"uv": [85.00002, 54], "uv_size": [1.99998, 3]},
								"east": {"uv": [84, 54], "uv_size": [1.00002, 3]},
								"south": {"uv": [88.00002, 54], "uv_size": [1.99998, 3]},
								"west": {"uv": [87, 54], "uv_size": [1.00002, 3]},
								"up": {"uv": [85.00002, 52.99998], "uv_size": [1.99998, 1.00002]},
								"down": {"uv": [87, 54], "uv_size": [1.99998, -1.00002]}
							}
						},
						{
							"origin": [-4, 7, 0],
							"size": [4, 4, 4],
							"uv": {
								"north": {"uv": [4.00002, 79.99998], "uv_size": [3.99996, 4.00002]},
								"east": {"uv": [0, 79.99998], "uv_size": [4.00002, 4.00002]},
								"south": {"uv": [12, 79.99998], "uv_size": [4.00002, 4.00002]},
								"west": {"uv": [7.99998, 79.99998], "uv_size": [4.00002, 4.00002]},
								"up": {"uv": [4.00002, 76.00002], "uv_size": [3.99996, 3.99996]},
								"down": {"uv": [7.99998, 79.99998], "uv_size": [4.00002, -3.99996]}
							}
						},
						{
							"origin": [-3, 11, 1],
							"size": [2, 2, 2],
							"uv": {
								"north": {"uv": [85.99998, 33], "uv_size": [2.00004, 1.99998]},
								"east": {"uv": [84, 33], "uv_size": [1.99998, 1.99998]},
								"south": {"uv": [90, 33], "uv_size": [1.99998, 1.99998]},
								"west": {"uv": [88.00002, 33], "uv_size": [1.99998, 1.99998]},
								"up": {"uv": [85.99998, 31.00002], "uv_size": [2.00004, 1.99998]},
								"down": {"uv": [88.00002, 33], "uv_size": [1.99998, -1.99998]}
							}
						},
						{
							"origin": [-8.5, 7, 0.5],
							"size": [3, 5, 3],
							"uv": {
								"north": {"uv": [85.00002, 67.00002], "uv_size": [3, 4.99998]},
								"east": {"uv": [82.00002, 67.00002], "uv_size": [3, 4.99998]},
								"south": {"uv": [91.00002, 67.00002], "uv_size": [3, 4.99998]},
								"west": {"uv": [88.00002, 67.00002], "uv_size": [3, 4.99998]},
								"up": {"uv": [85.00002, 64.00002], "uv_size": [3, 3]},
								"down": {"uv": [88.00002, 67.00002], "uv_size": [3, -3]}
							}
						},
						{
							"origin": [-8, 12, 1],
							"size": [2, 1, 2],
							"uv": {
								"north": {"uv": [85.99998, 49.00002], "uv_size": [2.00004, 0.99996]},
								"east": {"uv": [84, 49.00002], "uv_size": [1.99998, 0.99996]},
								"south": {"uv": [90, 49.00002], "uv_size": [1.99998, 0.99996]},
								"west": {"uv": [88.00002, 49.00002], "uv_size": [1.99998, 0.99996]},
								"up": {"uv": [85.99998, 46.99998], "uv_size": [2.00004, 2.00004]},
								"down": {"uv": [88.00002, 49.00002], "uv_size": [1.99998, -2.00004]}
							}
						},
						{
							"origin": [-13.5, 7, 0],
							"size": [4, 4, 4],
							"uv": {
								"north": {"uv": [70.00002, 78], "uv_size": [3.99996, 4.00002]},
								"east": {"uv": [66, 78], "uv_size": [4.00002, 4.00002]},
								"south": {"uv": [78, 78],