{
	"format_version": "1.12.0",
	"minecraft:geometry": [
		{
			"description": {
				"identifier": "geometry.shelf_supply_closet_bottom",
				"texture_width": 96,
				"texture_height": 96,
				"visible_bounds_width": 4,
				"visible_bounds_height": 2.5,
				"visible_bounds_offset": [0, 0.75, 0]
			},
			"bones": [
				{
					"name": "bottom_side",
					"pivot": [-0.86042, 10.20829, 2.06667],
					"cubes": [
						{
							"origin": [-14.501, 0.002, 5.5],
							"size": [2, 18, 2],
							"inflate": -0.001,
							"uv": {
								"north": {"uv": [52.00002, 58.00002], "uv_size": [1.99998, 18]},
								"east": {"uv": [49.99998, 58.00002], "uv_size": [2.00004, 18]},
								"south": {"uv": [55.99998, 58.00002], "uv_size": [2.00004, 18]},
								"west": {"uv": [54, 58.00002], "uv_size": [1.99998, 18]},
								"up": {"uv": [52.00002, 55.99998], "uv_size": [1.99998, 2.00004]},
								"down": {"uv": [54, 58.00002], "uv_size": [1.99998, -2.00004]}
							}
						},
						{
							"origin": [-15, 13, -4],
							"size": [30, 2, 12],
							"uv": {
								"north": {"uv": [12, 40.00002], "uv_size": [30, 1.99998]},
								"east": {"uv": [0, 40.00002], "uv_size": [12, 1.99998]},
								"south": {"uv": [54, 40.00002], "uv_size": [30, 1.99998]},
								"west": {"uv": [42, 40.00002], "uv_size": [12, 1.99998]},
								"up": {"uv": [12, 28.00002], "uv_size": [30, 12]},
								"down": {"uv": [42, 40.00002], "uv_size": [30, -12]}
							}
						},
						{
							"origin": [12.501, 0.002, 5.5],
							"size": [2, 18, 2],
							"inflate": -0.001,
							"uv": {
								"north": {"uv": [60, 58.00002], "uv_size": [1.99998, 18]},
								"east": {"uv": [58.00002, 58.00002], "uv_size": [1.99998, 18]},
								"south": {"uv": [64.00002, 58.00002], "uv_size": [1.99998, 18]},
								"west": {"uv": [61.99998, 58.00002], "uv_size": [2.00004, 18]},
								"up": {"uv": [60, 55.99998], "uv_size": [1.99998, 2.00004]},
								"down": {"uv": [61.99998, 58.00002], "uv_size": [2.00004, -2.00004]}
							}
						},
						{
							"origin": [-14.501, 0.002, -3.5],
							"size": [2, 18, 2],
							"inflate": -0.001,
							"uv": {
								"north": {"uv": [34.00002, 67.99998], "uv_size": [1.99998, 18]},
								"east": {"uv": [31.99998, 67.99998], "uv_size": [2.00004, 18]},
								"south": {"uv": [37.99998, 67.99998], "uv_size": [2.00004, 18]},
								"west": {"uv": [36, 67.99998], "uv_size": [1.99998, 18]},
								"up": {"uv": [34.00002, 66], "uv_size": [1.99998, 1.99998]},
								"down": {"uv": [36, 67.99998], "uv_size": [1.99998, -1.99998]}
							}
						},
						{
							"origin": [-15, 3, -4],
							"size": [30, 2, 12],
							"uv": {
								"north": {"uv": [12, 54], "uv_size": [30, 1.99998]},
								"east": {"uv": [0, 54], "uv_size": [12, 1.99998]},
								"south": {"uv": [54, 54], "uv_size": [30, 1.99998]},
								"west": {"uv": [42, 54], "uv_size": [12, 1.99998]},
								"up": {"uv": [12, 42], "uv_size": [30, 12]},
								"down": {"uv": [42, 54], "uv_size": [30, -12]}
							}
						},
						{
							"origin": [12.501, 0.002, -3.5],
							"size": [2, 18, 2],
							"inflate": -0.001,
							"uv": {
								"north": {"uv": [42, 67.99998], "uv_size": [1.99998, 18]},
								"east": {"uv": [40.00002, 67.99998], "uv_size": [1.99998, 18]},
								"south": {"uv": [46.00002, 67.99998], "uv_size": [1.99998, 18]},
								"west": {"uv": [43.99998, 67.99998], "uv_size": [2.00004, 18]},
								"up": {"uv": [42, 66], "uv_size": [1.99998, 1.99998]},
								"down": {"uv": [43.99998, 67.99998], "uv_size": [2.00004, -1.99998]}
							}
						}
					]
				},
				{
					"name": "bottles_between",
					"parent": "bottom_side",
					"pivot": [-0.3, 18.7, 2.2],
					"cubes": [
						{
							"origin": [-13, 20, 2],
							"size": [2, 2, 1],
							"uv": {
								"north": {"uv": [57, 85.00002], "uv_size": [1.99998, 1.99998]},
								"east": {"uv": [55.99998, 85.00002], "uv_size": [1.00002, 1.99998]},
								"south": {"uv": [60, 85.00002], "uv_size": [1.99998, 1.99998]},
								"west": {"uv": [58.99998, 85.00002], "uv_size": [1.00002, 1.99998]},
								"up": {"uv": [57, 84], "uv_size": [1.99998, 1.00002]},
								"down": {"uv": [58.99998, 85.00002], "uv_size": [2.00004, -1.00002]}
							}
						},
						{
							"origin": [-14, 15, 1.5],
							"size": [4, 5, 2],
							"uv": {
								"north": {"uv": [1.99998, 85.99998], "uv_size": [4.00002, 5.00004]},
								"east": {"uv": [0, 85.99998], "uv_size": [1.99998, 5.00004]},
								"south": {"uv": [7.99998, 85.99998], "uv_size": [4.00002, 5.00004]},
								"west": {"uv": [6, 85.99998], "uv_size": [1.99998, 5.00004]},
								"up": {"uv": [1.99998, 84], "uv_size": [4.00002, 1.99998]},
								"down": {"uv": [6, 85.99998], "uv_size": [4.00002, -1.99998]}
							}
						},
						{
							"origin": [-8.5, 19, 1],
							"size": [3, 1, 3],
							"uv": {
								"north": {"uv": [87, 21], "uv_size": [3, 1.00002]},
								"east": {"uv": [84, 21], "uv_size": [3, 1.00002]},
								"south": {"uv": [93, 21], "uv_size": [3, 1.00002]},
								"west": {"uv": [90, 21], "uv_size": [3, 1.00002]},
								"up": {"uv": [87, 18], "uv_size": [3, 3]},
								"down": {"uv": [90, 21], "uv_size": [3, -3]}
							}
						},
						{
							"origin": [-9.5, 15, 0.5],
							"size": [5, 4, 4],
							"uv": {
								"north": {"uv": [70.00002, 60], "uv_size": [4.99998, 4.00002]},
								"east": {"uv": [66, 60], "uv_size": [4.00002, 4.00002]},
								"south": {"uv": [79.00002, 60], "uv_size": [4.99998, 4.00002]},
								"west": {"uv": [75, 60], "uv_size": [4.00002, 4.00002]},
								"up": {"uv": [70.00002, 55.99998], "uv_size": [4.99998, 4.00002]},
								"down": {"uv": [75, 60], "uv_size": [4.99998, -4.00002]}
							}
						},
						{
							"origin": [0.5, 19, 1],
							"size": [2, 2, 2],
							"uv": {
								"north": {"uv": [85.99998, 37.00002], "uv_size": [2.00004, 1.99998]},
								"east": {"uv": [84, 37.00002], "uv_size": [1.99998, 1.99998]},
								"south": {"uv": [90, 37.00002], "uv_size": [1.99998, 1.99998]},
								"west": {"uv": [88.00002, 37.00002], "uv_size": [1.99998, 1.99998]},
								"up": {"uv": [85.99998, 34.99998], "uv_size": [2.00004, 2.00004]},
								"down": {"uv": [88.00002, 37.00002], "uv_size": [1.99998, -2.00004]}
							}
						},
						{
							"origin": [-0.5, 15, 0],
							"size": [4, 4, 4],
							"uv": {
								"north": {"uv": [19.99998, 79.99998], "uv_size": [4.00002, 4.00002]},
								"east": {"uv": [16.00002, 79.99998], "uv_size": [3.99996, 4.00002]},
								"south": {"uv": [28.00002, 79.99998], "uv_size": [3.99996, 4.00002]},
								"west": {"uv": [24, 79.99998], "uv_size": [4.00002, 4.00002]},
								"up": {"uv": [19.99998, 76.00002], "uv_size": [4.00002, 3.99996]},
								"down": {"uv": [24, 79.99998], "uv_size": [4.00002, -3.99996]}
							}
						},
						{
							"origin": [5, 20, 1],
							"size": [2, 1, 2],
							"uv": {
								"north": {"uv": [49.99998, 85.99998], "uv_size": [2.00004, 1.00002]},
								"east": {"uv": [48, 85.99998], "uv_size": [1.99998, 1.00002]},
								"south": {"uv": [54, 85.99998], "uv_size": [1.99998, 1.00002]},
								"west": {"uv": [52.00002, 85.99998], "uv_size": [1.99998, 1.00002]},
								"up": {"uv": [49.99998, 84], "uv_size": [2.00004, 1.99998]},
								"down": {"uv": [52.00002, 85.99998], "uv_size": [1.99998, -1.99998]}
							}
						},
						{
							"origin": [4.5, 15, 0.5],
							"size": [3, 5, 3],
							"uv": {
								"north": {"uv": [85.00002, 75], "uv_size": [3, 4.99998]},
								"east": {"uv": [82.00002, 75], "uv_size": [3, 4.99998]},
								"south": {"uv": [91.00002, 75], "uv_size": [3, 4.99998]},
								"west": {"uv": [88.00002, 75], "uv_size": [3, 4.99998]},
								"up": {"uv": [85.00002, 72], "uv_size": [3, 3]},
								"down": {"uv": [88.00002, 75], "uv_size": [3, -3]}
							}
						},
						{
							"origin": [9, 19, 1],
							"size": [2, 2, 2],
							"uv": {
								"north": {"uv": [85.99998, 40.99998],